UID,input,output
605304,yad_ezo_'nuzwupSirAH_pragATo_Bavati_virAx_eva_jyotizAnupaSyann_anuzwuBA_vajreNa_rAtrer_BrAtRvyaM_nirhanti,yat_ezaH_anuzwuB_SirAH_pragATaH_Bavati_virAj_eva_jyotizA_anupaSyan=_anuzwuBA_vajreNa_rAtreH_BrAtRvyam_nirhanti
32075,yA_paSuzu_taya_RteyajQam,yA_paSuzu_taya_Rte_yajQam
54157,yena_paTA_vEvasvato_yamo_rAjA_no_yayO_agnir_nas_tena_nayatu_prajAnan_vESvAnaraH_paTikRd_viSvagRzwiH,yena_paTA_vEvasvato_yamo_rAjA_no_yayO_agnir_nas_tena_nayatu_prajAnan_vESvAnaraH_paTikRd_viSvak_RzwiH
18574,hRdayasya_hRlleKayadaNlAsezu,hRdayasya_hRd_leKa_yat_aN_lAsezu
449886,KarozwrayAnahastyaSvanOvRkzagirirohaNe,Kara_uzwra_yAna_hasti_aSva_nO_vRkza_giri_rohaNe
348281,taTApi_tayA_DUrtasya_kaTitaM_mAM_rAtrO_BartRKawvAsTitAmarvAksuptAM_Baja_tvam,taTA_api_tayA_DUrtasya_kaTitam_mAm_rAtrO_BartR_KawvA_sTitAm_arvAk_suptAm_Baja_tvam
441830,oM_jQAnine_WaWa_SiKAyE_namaH,om_jQAnine_Wa_Wa_SiKAyE_namaH
441828,oM_sarvatejo'Dipataye_WaWa_astrAya_namaH,om_sarva_tejaH_aDipataye_Wa_Wa_astrAya_namaH
319154,OdBidaM_tu_punarvanaspativAnaspatyavIrudOzaDiBedena_caturviDaM_Bavati,OdBidam_tu_punar_vanaspati_vAnaspatya_vIruD_OzaDi_Bedena_caturviDam_Bavati
17227,Am_etaH,Am_e_taH
16107,ha_eti,ha_e_ti
471217,trizwubityuktASCandAMsi_harayo_hareH,trizwuB_iti_uktAH_CandAMsi_harayaH_hareH
342210,SoParAgarujAdInAm_aDimanTasya_codBavaH,SoPa_rAga_ruj_AdInAm_aDimanTasya_ca_udBavaH
344426,apAFge_vA_kanIne_vA_kaNxUzApakzmapowavAn,apAFge_vA_kanIne_vA_kaNxU_UzA_pakzma_powavAn
16605,diva_Ot,diva_O_t
463188,pratApya_majjitaM_samyakKarparaM_pariSuDyati,pratApya_majjitam_samyak_Karparam_pariSuDyati
15986,zawkatikatipayacaturAM_Tuk,zaz_kati_katipaya_caturAm_Tuk
16671,na_mAFyoge,na_mAF_yoge
734,SvaSSvas_BUyAn_Bavati,Svas_Svas_BUyAn_Bavati
15968,ner_bixajbirIsacO,ner_bixac_birIsacO
18483,divAdiByaH_Syan,div_AdiByaH_Syan
96979,sa_ha_tad_eva_nOmaNxe_upaSiSleza_jalAyukA_vA_tRNajalAyukA_vA_BUtvA,sa_ha_tad_eva_nO_maNxe_upaSiSleza_jalAyukA_vA_tRNajalAyukA_vA_BUtvA
535589,tAvajJawiti_sA_kanyA_jvAlAmAlAviBUzitA,tAvat_Jawiti_sA_kanyA_jvAlA_mAlA_viBUzitA
272038,pratilome_hi_samyagOzaDamavatizWate_'nupraviSati_romakUpAn_svedavAhiBiS_ca_sirAmuKEr_vIryaM_prApnoti,pratilome_hi_samyak_OzaDam_avatizWate_anupraviSati_romakUpAn_sveda_vAhiBiH_ca_sirA_muKEH_vIryam_prApnoti
16053,AlajAwacO_bahuBAziNi,Alac_AwacO_bahu_BAziNi
257450,tatas_tallAvaNyaguNAkRzwena_mayApi_tatpaScAjJampo_dattaH,tatas_tad_lAvaNya_guNa_AkRzwena_mayA_api_tat_paScAt_JampaH_dattaH
69860,itarapANyaFguzWAntareNopavItitvAt_dakziNena_vA_savyopagRhItena_pitar_idaM_te_'rGyaM_pitAmahedaM_te_'rGyaM_prapitAmahedaM_te_'rGyam_ity_appUrvam,itara_pANi_aFguzWa_antareNa_upavIti_tvAt_dakziNena_vA_savya_upagRhItena_pitar_idaM_te_'rGyaM_pitAmaha_idam_te_'rGyaM_prapitAmaha_idam_te_'rGyam_ity_ap_pUrvam
72317,udaFvE_prAF_tizWanprajApatiH_prajA_asRjat,udaF_vE_prAF_tizWan_prajApatiH_prajA_asRjat
604124,devA_vA_ukTAny_aBijitya_rAtriM_nASaknuvann_aBijetuM_te_'surAn_rAtriM_tamaH_pravizwAM_nAnuvyapaSyaMs_ta_etam_anuzwupSirasaM_pragATam_apaSyan_virAjaM_jyotiH_tAn_virAjA_jyotizAnupaSyanto_'nuzwuBA_vajreNa_rAtrer_nirAGnan,devAH_vE_ukTAni_aBijitya_rAtrim_na_aSaknuvan=_aBijetum_te_asurAn_rAtrim_tamaH_pravizwAm_na_anuvyapaSyan=_te_etam_anuzwuB_Sirasam_pragATam_apaSyan_virAjam_jyotiH_tAn_virAjA_jyotizA_anupaSyantaH_anuzwuBA_vajreNa_rAtreH_nirAGnan
441829,oM_sahasraraSmaye_WaWa_kavacAya_namaH,om_sahasraraSmaye_Wa_Wa_kavacAya_namaH
73526,trizwuptvAvatu_bRhatsAma_paQcadaSa_stomo_grIzma_RtuH_kzatraM_draviNam,trizwuB_tvA_avatu_bRhat_sAma_paQcadaSa_stomo_grIzma_RtuH_kzatraM_draviNam
250395,JillIJaFkAravAcAle_kAle_prAvRzi_cAgate,JillI_JaFkAra_vAcAle_kAle_prAvRzi_ca_Agate
555668,tataH_pratihate_tasmin_suhRdmaNxalamaNxane,tatas_pratihate_tasmin_suhRd_maNxala_maNxane
576147,AyuDAnAM_mahAnoGaH_sAgarOGe_patatyapi,AyuDAnAm_mahAn_oGaH_sAgara_oGe_patati_api
23747,na_sopAnahvezwitaSirAH_avahitapANir_vABivAdayIta,na_sa_upAnah_vezwita_SirAH_avahita_pANiH_vA_aBivAdayIta
73440,trivRdagnizwomaH_paQcadaSa_ukTyaH_saptadaSaM_tRtIyamahaH_sokTakam_ekaviMSaH_zoxaSI_paQcadaSI_rAtris_trivRt_sanDir_ity_ezo_anuzwupsampannaH_tena_hEtena_DvasA_dvEtavana_Ije_mAtsyo_rAjA_yatrEtaddvEtavanaM_saras_tad_etadgATayABigItaM_caturdaSa_dvEtavano_rAjA_saFgrAmajidDayAn_indrAya_vRtraGne_'baDnAt_tasmAd_dvEtavanaM_sara_iti,trivRt_agnizwomaH_paQcadaSa_ukTyaH_saptadaSaM_tRtIyam_ahar_sokTakam_ekaviMSaH_zoxaSI_paQcadaSI_rAtris_trivRt_sanDir_ity_ezo_anuzwuB_sampannaH_tena_ha_etena_DvasA_dvEtavana_Ije_mAtsyo_rAjA_yatra_etat_dvEtavanam_saras_tad_etat_gATayA_aBigItam_caturdaSa_dvEtavano_rAjA_saFgrAma_jit_hayAn_indrAya_vRtra_Gne_'baDnAt_tasmAd_dvEtavanaM_sara_iti
17223,lowo_laFvat,lowo_laF_vat
66744,sahasrAkzO_vRtrahaNA_huve_vAM_dUrehetI_svanannemI_ugrO,sahasra_akzO_vRtra_haNA_huve_vAM_dUre_hetI_svanat_nemI_ugrO
420419,durnAmAni_ca_zaxBinatti_harate_sarvArtirogolbaNaM_mehOGaM_ca_lunAti_SoNitadaraM_viDvaMsate_sevanAt,durnAmAni_ca_zax_Binatti_harate_sarva_Arti_roga_ulbaNam_meha_oGam_ca_lunAti_SoNitadaram_viDvaMsate_sevanAt_
17759,tujAdInAM_dIrGo_'ByAsasya,tuj_AdInAm_dIrGo_'ByAsasya
16603,SapSyanor_nityam,Sap_SyanoH_nityam
604397,tad_vE_sa_prANvIryaM_prAbRhata_prANA_vA_OSanam,tat_vE_sa_prAN_vIryam_prAbRhata_prANAH_vE_OSanam
209660,maDyesenAmuKaM_karNo_vyavAtizWata_daMSitaH,maDye_senA_muKam_karNaH_vyavAtizWata_daMSitaH
332703,tatastayA_jagRhire_svagRhe_prAkKalIkRtAH,tatas_tayA_jagRhire_sva_gRhe_prAk_KalIkRtAH
10039,tasya_dArakasya_jAtamAtrasya_sA_brAhmaNI_vinItakzudduHKA_saMvRttA,tasya_dArakasya_jAta_mAtrasya_sA_brAhmaNI_vinIta_kzuD_duHKA_saMvRttA
16613,tRjvat_krozwuH,tRc_vat_krozwuH
18042,vyAFpariByaH_ramaH,vi_AF_pariByaH_ramaH
37542,trizwupsahasram_eke_jagatIsahasram_eke_anuzwupsahasram_eke,trizwuB_sahasram_eke_jagatI_sahasram_eke_anuzwuB_sahasram_eke
331581,digASA_ca_haritkAzWA_kakupsA_ca_nideSinI,diS_ASA_ca_harit_kAzWA_kakuB_sA_ca_nideSinI
400689,BasmasUtasamo_ganDa_ityanena_rasAdiSilAjatuparyantaM_dravyaM_pRTakzoxaSaSANamitaM_grAhyaM_tatra_mRtAyo_mAritalohacUrNaM_mRtatAmracUrNaM_ca_triPalAharItakyAdikaM_mahAnimbo_loke_vakAina_SabdavAcyaH,Basma_sUta_samaH_ganDaH_iti_anena_rasa_Adi_SilAjatu_paryantam_dravyam_pRTak_zoxaSa_SANa_mitam_grAhyam_tatra_mRta_ayaH_mArita_loha_cUrNam_mRta_tAmra_cUrNam_ca_triPalA_harItakyAdikam_mahAnimbaH_loke_vakAina_Sabda_vAcyaH
264561,kzudyasya_tasya_Bukte_'nne_tRptirbrAhmaNa_jAyate,kzuD_yasya_tasya_Bukte_anne_tRptiH_brAhmaNa_jAyate
291800,tadbahizwaFkaNenEva_loNamRttikayA_tataH,tad_bahis_waFkaNena_eva_loNamRttikayA_tatas_
343729,appAnaskanDaGAtAByAM_grAsaSalyaM_praveSayet,ap_pAna_skanDa_GAtAByAm_grAsa_Salyam_praveSayet_
246729,aTa_prAFprekzate,aTa_prAF_prekzate
68243,agnir_nas_tena_nayatu_prajAnan_vESvAnaraH_paTikRd_viSvagRzwiH,agnir_nas_tena_nayatu_prajAnan_vESvAnaraH_paTikRd_viSvak_RzwiH
278794,samidyuktena_hastena_lalAwaM_pramamArja_ha,samiD_yuktena_hastena_lalAwam_pramamArja_ha
16986,prAcAm_upAder_axajvucO_ca,prAcAm_upa_AdeH_axac_vucO_ca
284841,gAyatrI_ca_bRhatyuzNig_jagatI_trizwubeva_ca,gAyatrI_ca_bRhatI_uzNih_jagatI_trizwuB_eva_ca
94790,tAvattatpadamuktaM_no_suptiFniyamayantritam,tAvat_tat_padam_uktam_no_sup_tiF_niyama_yantritam
610717,aBivadanti_sTUlamanantaM_mahAScaryam_adIrGam_alohitam_amastakam_ata_aganDam_arasam_acakzuzkam_aSrotram_avAFmano_apramANam_anusuKam_anAmagotram_amaram_ajaram_anAmayam_amRtam_oMSabdam_amRtam_asaMvRtam_apUrvam_anaparam_anantam_abAhyaM_tad_aSnAti_kiMcana_na_tad_aSnAti_kiMcana,aBivadanti_sTUlam_anantam_mahA_AScaryam_adIrGam_alohitam_amastakam_atas_aganDam_arasam_acakzuzkam_aSrotram_avAk_manaH_apramANam_anusuKam_anAma_gotram_amaram_ajaram_anAmayam_amRtam_oM_Sabdam_amRtam_asaMvRtam_apUrvam_anaparam_anantam_abAhyam_tat_aSnAti_kiMcana_na_tat_aSnAti_kiMcana
258584,gurvarTaM_pitRmAtRarTaM_svADyAyArTyupatApinaH,guru_arTam_pitR_mAtR_arTam_svADyAya_arTi_upatApinaH
1615,SvaSSvas_BUyAMso_Bavanti,Svas_Svas_BUyAMso_Bavanti
97941,samijjalAdikaM_cAsya_kAlyaM_kAlyamupAnayet,samiD_jala_Adikam_ca_asya_kAlyaM_kAlyam_upAnayet
426784,svinnaM_tridivasaM_kuryAttasminwaFkaNasEnDavam,svinnam_tri_divasam_kuryAt_tasmin_waFkaNa_sEnDavam
49554,apratiBAmetasmin_ahany_anuzwummAtrAM_kRtvAcakzIran,apratiBAm_etasmin_ahany_anuzwuB_mAtrAm_kRtvA_AcakzIran
496734,vRkzagulmalatAvIrucCedane_japyam_RkSatam,vRkza_gulma_latA_vIruD_Cedane_japyam_Rc_Satam
17804,lopo_vyor_vali,lopo_v_yoH_va_li
586968,mRte_pitari_pitRaMSaM_pararNaM_na_bRhaspatiH,mRte_pitari_pitR_aMSam_para_RNam_na_bRhaspatiH
16460,sarvaBUmipRTivIByAm_aNaQO,sarva_BUmi_pRTivIByAm_aN_aQO
18210,zazWI_sTAneyogA,zazWI_sTAne_yogA
394201,zaw_cakrANi_kramAd_DRtvA_huMhaMsamanunA_suDIH,zax_cakrANi_kramAt_DRtvA_huM_haMsa_manunA_suDIH
16587,zawcaturByaH_ca,zaz_caturByaH_ca
49453,anuzwuppraBRti_vratAt,anuzwuB_praBRti_vratAt
43837,aTa_yad_uccErGozaH_stanayan_bababAkurvan_iva_dahati_yasmAd_BUtAni_vijante_tad_asyEndraM_rUpaM_tad_asya_tenAnuSaMsati,aTa_yad_uccEs_GozaH_stanayan_bababA_kurvan_iva_dahati_yasmAd_BUtAni_vijante_tad_asya_Endram_rUpaM_tad_asya_tena_anuSaMsati
18250,nipAtEr_yadyadihantakuvinnecceccaNkaccidyatrayutam,nipAtEr_yad_yadi_hanta_kuvit_ned_ced_caN_kaccid_yatra_yutam
138659,taM_vikzoBayamANaM_tu_saro_bahuJazAkulam,tam_vikzoBayamANam_tu_saraH_bahu_Jaza_Akulam
274239,tRzNAniroDAdabDAtO_kzINe_tejaH_samudDatam,tRzNA_niroDAt_ap_DAtO_kzINe_tejaH_samudDatam
18531,nandigrahipacAdiByaH_lyuNinyacaH,nandi_grahi_paca_AdiByaH_lyu_Nini_acaH
536041,nEmize_puNyanilaye_nAnARzinizevite,nEmize_puNya_nilaye_nAnA_Rzi_nizevite
37493,paScAt_prAFpucCaM_namas_te_BadrAya_yat_te_pucCaM_yA_te_pratizWeti,paScAt_prAF_pucCam_namas_te_BadrAya_yat_te_pucCaM_yA_te_pratizWA_iti
565283,GAtukAMScakravAkAMSca_kawukAnwiwwiBAn_BawAn,GAtukAn=_cakravAkAn=_ca_kawukAn_wiwwiBAn_BawAn
604361,eza_vE_yajamAnasya_prajApatir_yad_udgAtA_yacCyEtena_hiFkaroti_prajApatir_eva_BUtvA_prajA_aBijiGrati,eza_vE_yajamAnasya_prajApatiH_yat_udgAtA_yat_SyEtena_hiF_karoti_prajApatiH_eva_BUtvA_prajAH_aBijiGrati
328714,sa_SrAvastyAM_GaNwAvaGozaNaM_sArTavAham_AtmAnam_udGozya_zaxvArAn_mahAsamudram_avatIrNaH,sa_SrAvastyAm_GaNwA_avaGozaNam_sArTavAham_AtmAnam_udGozya_zax_vArAt_mahA_samudram_avatIrNaH
73447,aTa_dvitIyayA_zaw_zaw_zaxvA_sahasrANi_yajQe_kokapituH_tava_udIrate_trayastriMSAH_zaw_sahasrANi_varmiNAmiti,aTa_dvitIyayA_zaw_zaw_zax_vA_sahasrANi_yajQe_koka_pituH_tava_udIrate_trayastriMSAH_zaw_sahasrANi_varmiNAm_iti
255277,iti_trivegaM_triJazaM_trivIcam_ekAmBasaM_paQcarayaM_dvikUlam,iti_tri_vegam_tri_Jazam_tri_vIcam_eka_amBasam_paQca_rayam_dvi_kUlam
506658,tena_pApena_samprAptaH_kzudrogastvAM_sadA_nRpa,tena_pApena_samprAptaH_kzuD_rogaH_tvAm_sadA_nRpa
60181,saMSradDatsva_vaco_mahyaM_tataH_paSyasi_pANxavAn,saM_SradDatsva_vaco_mahyaM_tataH_paSyasi_pANxavAn
37454,indrAgnI_yuvaM_su_na_ity_etasyArDarcAn_gAyatrIkAram_uttaram_uttarasyAnuzwupkAraM_prAg_uttamAyAH,indra_agnI_yuvaM_su_na_ity_etasya_arDarcAn_gAyatrI_kAram_uttaram_uttarasya_anuzwuB_kAram_prAg_uttamAyAH
25561,samillakzaNamAha_kAtyAyanaH,samiD_lakzaNam_Aha_kAtyAyanaH
517968,jambUzaNxaSca_tatrEva_sumahAnnandanopamaH,jambU_zaNxaH_ca_tatra_eva_su_mahAn_nandana_upamaH
592650,etezAm_eva_vyatikare_anyato_'rTo_'nyato_'narTo_'nyato_'rTo_'nyato_'rTasaMSayo_'nyato_'rTo_'nyato_'narTasaMSaya_iti_zawsaMkIrNayogAH,etezAm_eva_vyatikare_anyatas_arTaH_anyatas_anarTaH_anyatas_arTaH_anyatas_arTa_saMSayaH_anyatas_arTaH_anyatas_anarTa_saMSayaH_iti_zaw_saMkIrNa_yogAH
483228,abinDanaM_divyaM_vidyudAdi,ap_inDanam_divyam_vidyut_Adi
18046,na_pAdamyAFyamAFyasaparimuharucinRtivadavasaH,na_pA_dami_AF_yam_AF_yasa_pari_muha_ruci_nRti_vada_vasaH
530675,varzARtusamAyoge_sarvA_nadyo_rajasvalAH,varzA_Rtu_samAyoge_sarvAH_nadyaH_rajasvalAH
396880,SarIralakzaNAScAnye_pRTakPalanivedinaH,SarIra_lakzaNAH_ca_anye_pRTak_Pala_nivedinaH
47513,sarvAsvapsUpaspRSet_abuktAH_Sakvarya_iti,sarvAsu_apsu_upaspRSet_ap_uktAH_Sakvarya_iti
17446,liFnimitte_lRF_kriyAtipattO,liF_nimitte_lRF_kriyA_atipattO
258897,syandanASvEH_same_yuDyed_anUpe_nOdvipEs_taTA,syandana_aSvEH_same_yuDyet_anUpe_nO_dvipEH_taTA
448184,dikpAlAn_saha_ratnESca_DAtUnozaDayastaTA,dikpAlAn_saha_ratnEH_ca_DAtUn_ozaDayaH_taTA
434588,dyAvApRTivI_urviti_paraSupalASena_dakziNA_DAvataH_padaM_vRScati,dyAvApRTivI_urU_iti_paraSu_palASena_dakziNA_DAvataH_padam_vRScati
164262,praBUtastrikakubDAma_pavitraM_maFgalaM_param,praBUtaH_trikakuB_DAma_pavitram_maFgalam_param
235910,abAdyavyaktatattvAntezvitTaM_varzaSataM_kramAt,ap_Adi_avyakta_tattva_antezu_itTam_varza_Satam_kramAt_
233326,zawsidDArTASca_deveSi_yavastvekaH_prakIrtitaH,zaw_sidDArTAH_ca_deveSi_yavaH_tu_ekaH_prakIrtitaH
16690,huJalByaH_her_DiH,hu_Ja_lByaH_her_DiH
283365,tanUruhaM_roma_loma_tadvRdDO_SmaSru_pummuKe,tanUruham_roma_loma_tad_vRdDO_SmaSru_pum_muKe
16964,atiSAyane_tamabizWanO,atiSAyane_tamap_izWanO
583519,tatrAsyAkASAtmakaM_SabdaH_SrotraM_lAGavaM_sOkzmyaM_vivekaSca_vAyvAtmakaM_sparSaH_sparSanaM_rOkzyaM_preraNaM_DAtuvyUhanaM_cezwASca_SArIryaH_agnyAtmakaM_rUpaM_darSanaM_prakASaH_paktirOzNyaM_ca_abAtmakaM_raso_rasanaM_SEtyaM_mArdavaM_snehaH_kledaSca_pRTivyAtmakaM_ganDo_GrANaM_gOravaM_sTEryaM_mUrtiSceti,tatra_asya_AkASa_Atmakam_SabdaH_Srotram_lAGavam_sOkzmyam_vivekaH_ca_vAyu_Atmakam_sparSaH_sparSanam_rOkzyam_preraNam_DAtu_vyUhanam_cezwAH_ca_SArIryaH_agni_Atmakam_rUpam_darSanam_prakASaH_paktiH_OzNyam_ca_ap_Atmakam_rasaH_rasanam_SEtyam_mArdavam_snehaH_kledaH_ca_pRTivI_Atmakam_ganDaH_GrANam_gOravam_sTEryam_mUrtiH_ca_iti
97814,tiF_subantacayaH_vAkyaM_kriyA_vA_kArakAnvitA,tiF_sup_anta_cayaH_vAkyaM_kriyA_vA_kAraka_anvitA
3554,upa_tvAgne_divedive_iti,upa_tvA_agne_dive_dive_iti
238634,navAtmA_PawpuwAntaHsTaH_punaH_paQcaPaxanvitaH,nava_AtmA_Paw_puwa_antar_sTaH_punar_paQca_Paw_anvitaH
17017,parSvAdiyODeyAdiByAm_aNaQO,parSu_Adi_yODeya_AdiByAm_aN_aQO
604335,ojo_vIryaM_trizwubojasyeva_vIrye_parAkramya_prayanti,ojaH_vIryam_trizwuB_ojasi_eva_vIrye_parAkramya_prayanti
212777,musalAni_BuSuNxIS_ca_SaktiRzwiparaSvaDAn,musalAni_BuSuNxIH_ca_Sakti_Rzwi_paraSvaDAn
507376,BadrakAlyA_mayoktAni_samyakPalapradAni_ca,BadrakAlyAH_mayA_uktAni_samyak_Pala_pradAni_ca
16557,jaSSasoH_SiH,jas_SasoH_SiH
605829,dvir_avanardedDiFkuryAt_tRtIyam,dvis_avanardet_hiF_kuryAt_tRtIyam
401777,AvAhanAgnOkaraNaM_dEvahInaM_viDAnataH,AvAhana_agnO_karaNam_dEva_hInam_viDAnataH
73216,ayaM_vE_pavitraM_yo_'yam_pavate_so_ayamekaH_ivEva_pavate_so_'yam_puruze_'ntaH_pravizwaH_prAFca_pratyaF_ca_tAvimO_prANodAnO_vyAno_hi_tRtIyo_dve_nveva_Bavatas_tAByAmetAH_vRtro_ha_vA_idaM_sarvaM_vRtvA_SiSye,ayaM_vE_pavitraM_yo_'yam_pavate_so_ayam_ekaH_iva_eva_pavate_so_'yam_puruze_'ntaH_pravizwaH_prAF_ca_pratyaF_ca_tO=_imO_prANa_udAnO_vyAno_hi_tRtIyo_dve_nu_eva_Bavatas_tAByAm_etAH_vRtro_ha_vA_idaM_sarvaM_vRtvA_SiSye
16597,viBAzA_ciNNamuloH,viBAzA_ciN_NamuloH
457494,yena_yenAjasaMkrAntistena_prAvRwPalaM_Bavet,yena_yena_aja_saMkrAntiH_tena_prAvRz_Palam_Bavet_
259276,tad_BEkzaBujjapan_nityaM_triBir_varzEr_vyapohati,tat_BEkza_Buj_japan_nityam_triBiH_varzEH_vyapohati
17339,tumunNvulO_kriyAyAM_kriyArTAyAm,tumun_NvulO_kriyAyAM_kriyA_arTAyAm
42678,tad_u_trEzwuBaM_trizwupprAtaHsavanaH_eza_tryahaH,tad_u_trEzwuBaM_trizwuB_prAtaHsavanaH_eza_tri_ahaH
497987,krItvA_nAnuSayaH_kAryaH_kurvan_zaxBAgadaNxaBAk,krItvA_na_anuSayaH_kAryaH_kurvan_zax_BAga_daNxa_BAj_
512588,DAturdiviti_yaH_proktaH_krIxAyAM_sa_viBAvyate,DAtuH_div_iti_yaH_proktaH_krIxAyAm_sa_viBAvyate
225607,yukto_hyawati_nirmukto_na_cEkapulineSayaH,yuktaH_hi_awati_nirmuktaH_na_ca_eka_puline_SayaH
17284,stOtiNyor_eva_zaNy_aByAsAt,stOti_NyoH_eva_zaNy_aByAsAt
484728,zawcaraNakIwajuzwaM_parAgaGuNapUrNam_AyuDaM_tyaktvA,zaz_caraNa_kIwa_juzwam_parAga_GuNa_pUrNam_AyuDam_tyaktvA
389154,SirIzodumbaraSamIcUrNaM_sarpizA_saMhRtyArDamAsikaH_kzudyogaH,SirIza_udumbara_SamI_cUrNam_sarpizA_saMhRtya_ArDamAsikaH_kzuD_yogaH
16898,dADewsiSadasadaH_ruH,dA_Dew_si_Sada_sadaH_ruH
47055,lAlAprasekaH_hRllAsaH_kzunnASaH_virasaM_muKam,lAlA_prasekaH_hRllAsaH_kzuD_nASaH_virasaM_muKam
587582,mRte_Bartari_BartRaMSaM_laBeta_kulapAlikA,mRte_Bartari_BartR_aMSam_laBeta_kulapAlikA
572522,vazaxyutaM_ca_kavacaM_huMyugastraM_ca_Paxyutam,vazaw_yutam_ca_kavacam_huM_yuj_astram_ca_Paw_yutam
17265,FNoH_kukwuk_Sari,F_NoH_kuk_wuk_Sa_ri
552706,rere_mamASanaM_mUXa_kaTamaSnAsyaBItavat,re_re_mama_aSanam_mUXa_kaTam_aSnAsi_aBIta_vat
393325,dakziNAbDitawedeSe_koFkaNe'pi_ca_jAyate,dakziNa_abDi_tawe_deSe_koFkaNe_api_ca_jAyate
604359,grahokTaM_vA_etad_yat_prOgaM_nava_prAtar_grahA_gRhyante_navaBir_bahizpavamAne_stuvate_stute_stome_daSamaM_gRhNAti_hiMkAra_itarAsAM_daSamaH_sA_sammA,graha_ukTam_vE_etat_yat_prOgam_nava_prAtar_grahAH_gRhyante_navaBiH_bahizpavamAne_stuvate_stute_stome_daSamam_gRhNAti_hiMkAraH_itarAsAm_daSamaH_sA_sam_mA
464292,samyagOzaDakalpAnAM_lohakalpaH_praSasyate,samyak_OzaDa_kalpAnAm_loha_kalpaH_praSasyate
501308,samidDomaSca_caruNA_GRtasya_ca_yaTAkramam,samiD_homaH_ca_caruNA_GRtasya_ca_yaTAkramam
18456,sibbahulaM_lewi,sip_bahulam_lewi
15868,PakPiQor_anyatarasyAm,Pak_PiQoH_anyatarasyAm
18315,aNaQO_ca,aN_aQO_ca
568264,dattvA_kuryAtPalayutaM_yAvatsyAtkRzNesaptamI,dattvA_kuryAt_Pala_yutam_yAvat_syAt_kRzNe_saptamI
17167,kRtyArTe_tavEkenkenyatvanaH,kRtya_arTe_tavE_ken_kenya_tvanaH
415957,BUpAtAlakakubvyomagrahanakzatraBUBRtAm,BU_pAtAla_kakuB_vyoma_graha_nakzatra_BUBRtAm
436204,zawcatvAro_'nilAtte_ca_medomUtrakaPAvahAH,zaw_catvAraH_anilAt_te_ca_medaH_mUtra_kaPa_AvahAH
17236,suw_tiToH,suw_ti_ToH
17256,vyor_laGuprayatnataraH_SAkawAyanasya,v_yoH_laGu_prayatna_taraH_SAkawAyanasya
65417,tatra_kASyapa_ye_tRNagulmOzaDivanaspatayaH_'syAM_trisAhasramahAsAhasralokaDAtO_tatra_ye_taruNAH_komalanAlaSAKApatrapalASAH_tRNagulmOzaDivanaspatayaH_drumA_mahAdrumAH_sarve_te_tato_mahAmeGapramuktAdvAriNaH_yaTAbalaM_yaTAvizayam_abDAtuM_pratyApibanti,tatra_kASyapa_ye_tRNa_gulma_ozaDi_vanaspatayaH_'syAM_tri_sAhasra_mahA_sAhasra_lokaDAtO_tatra_ye_taruNAH_komala_nAla_SAKA_patra_palASAH_tRNa_gulma_ozaDi_vanaspatayaH_drumA_mahA_drumAH_sarve_te_tato_mahA_meGa_pramuktAt_vAriNaH_yaTAbalaM_yaTAvizayam_ap_DAtum_pratyApibanti
540448,etasminn_antare_cEva_vIrudozaDya_eva_ca,etasmin=_antare_ca_eva_vIruD_ozaDyaH_eva_ca
10028,asyAM_ca_SrAvastyAM_tasya_brAhmaNasya_yadA_patnI_antarvartinI_saMvRttA_tadeva_tasyA_garBotpAdAdatIva_kzudduHKena_pIxyamAnayA_gRhasvAmyaBihitaH_Aryaputra_kzudduHKenAtIva_bADye,asyAM_ca_SrAvastyAM_tasya_brAhmaNasya_yadA_patnI_antarvartinI_saMvRttA_tat_eva_tasyA_garBa_utpAdAt_atIva_kzuD_duHKena_pIxyamAnayA_gRha_svAmI_aBihitaH_Aryaputra_kzuD_duHKena_atIva_bADye
309679,nadIM_gaFgAm_anuprAptA_mAtRzazWA_mahAbalAH,nadIm_gaFgAm_anuprAptAH_mAtR_zazWAH_mahA_balAH
606762,hAhAhehehuMhuMkAraM_Paw_svAhAntameva_ca,hA_hA_he_he_huMhuMkAram_Paw_svAhA_antam_eva_ca
256393,evam_etEr_idaM_sarvaM_madniyogAn_mahAtmaBiH,evam_etEH_idam_sarvam_mad_niyogAt_mahAtmaBiH
513945,samidGRtAByAM_hotavyamagnikAryaM_krameNa_vA,samiD_GRtAByAm_hotavyam_agni_kAryam_krameNa_vA
18631,Rci_tunuGamakzutaFkutroruzyANAm,Rci_tu_nu_Ga_makzu_taF_ku_tra_uruzyANAm
17273,iNaH_zaH,i_NaH_zaH
16878,pUFyajoH_SAnan,pUF_yajoH_SAnan
49444,goH_kakubuzNihO,goH_kakuB_uzNihO
598520,kRtrimas_tu_varaH_prAtas_tyaktajAmAtRxambaraH,kRtrimaH_tu_varaH_prAtar_tyakta_jAmAtR_xambaraH
152346,evambudDiH_pravarteta_PalaM_syAd_uBayAnvayAt,evam_budDiH_pravarteta_Palam_syAt_uBaya_anvayAt
112406,SAradvatamahImAnaM_viviMSatiJazAkulam,SAradvata_mahI_mAnam_viviMSati_Jaza_Akulam
24990,gocarmamAtram_abbindur_BUmeH_SuDyati_pAtitaH,gocarma_mAtram_ap_binduH_BUmeH_SuDyati_pAtitaH
24691,udDRtaparipUtABir_adBir_apkAryaM_kurvANaH,udDRta_paripUtABiH_adBir_ap_kAryam_kurvANaH
98836,vapASrapaNyO_vapayA_pracCAdyeti_lyabaBiDAnAt_pracCAdanaM_viDAnAnte,vapASrapaNyO_vapayA_pracCAdya_iti_lyap_aBiDAnAt_pracCAdanaM_viDAna_ante
442237,abBakzo_mAsamAsIta_sa_jApI_niyatendriyaH,ap_BakzaH_mAsam_AsIta_sa_jApI_niyata_indriyaH
224458,pravRdDaSRFgadrumavIrudozaDI_pravRdDanAnAviDaparvatOkasO,pravRdDa_SRFga_druma_vIruD_ozaDI_pravRdDa_nAnAviDa_parvata_okasO
16960,zazWAzwamAByAM_Qa_ca,zazWa_azwamAByAm_Qa_ca
289748,vIruDaScAmRtamayEH_SItErapparamANuBiH,vIruDaH_ca_amRta_mayEH_SItEH_ap_paramANuBiH
15857,aNiQor_anArzayor_gurUpottamayoH_zyaF_gotre,aN_iQoH_an_ArzayoH_guru_upottamayoH_zyaF_gotre
442658,karmANyatra_praDAnAni_samyagRkze_SuBagrahe,karmANI_atra_praDAnAni_samyak_Rkze_SuBa_grahe
97764,aTAsyAH_vakzasa_udagodanaM_Srapayati,aTa_asyAH_vakzasa_udak_odanam_Srapayati
15969,inacpiwac_cikaci_ca,inac_piwac_cika_ci_ca
237043,arDamarDatriBAgaSca_zawzazwirdviSatI_Bavet,arDam_arDa_tri_BAgaH_ca_zaz_zazwiH_dviSatI_Bavet_
353233,nRmUtraM_TOharaM_dugDaM_tulyamekatra_miSritam,nR_mUtram_TOharam_dugDam_tulyam_ekatra_miSritam
436046,yaMyaM_deSaM_visarpaSca_visarpati_Bavet_sa_saH,yaM_yam_deSam_visarpaH_ca_visarpati_Bavet_sa_saH
431334,kAye_nObudDim_ADAya_gatyAgamananiScayAt,kAye_nO_budDim_ADAya_gati_Agamana_niScayAt_
46527,zawzaw_vEkatantre,zaw_zaw_vA_eka_tantre
604094,maDyAhne_SudDe_jale_mRdadBiH_pAdO_hastO_ca_DAvayitvAcamyAFgAni_saMSoDyApaH_punantv_iti_jale_nimajjed_AcAnto_vEzNavEr_mantrEr_vizNuM_hiraNyaSRFgamiti_varuNaM_ca_praNamyAGamarzaNasUktenAGamarzaNaM_kRtvedam_ApaH_Siveti_snAyAd_ASramiNaS_catvAraH_snAnaM_nityam_evaM_pUrvoktena_viDinA_kAmyaM_nEmittikaM_ca_kurvanti_DOtavastreNAcCAdya_pUrvavad_Acamya_prokzyAsInas_tizWan_vA_kRtaprANAyAmaH_sAvitrIM_japtvAdityam_upatizWeta_dakziNapANinA_tIrTena_brAhmeNa_BUpatyAdIn_dEvena_nArAyaNAdIn_kUpyAdIMS_cArzeNa_viSvAmitrAdIn_pEtRkeNa_pitRAdIn_adBis_tarpayitvA_brahmayajQaM_karizyann_ity_tvorje_tveti_yaTAkAmaM_yajuHsaMhitAm_AdyAMs_trIn_anuvAkAn_svADyAyaM_kurvIta_nEmittikam_RtaM_ca_satyaM_cety_AdisUktAni_catur_vedAdimantrAn_vApy_aDIyIta_sarvayajQAnAm_Adir_brahmayajQaH_tasmAd_upanayanapraBRty_eva_dvijEH_kartavyo_nadyAM_tIrTe_devaKAte_sarasi_tawAke_vA_sAmAnye_snAnaM_kuryAt,maDyAhne_SudDe_jale_mRd_adBiH_pAdO_hastO_ca_DAvayitvA_Acamya_aFgAni_saMSoDya_ApaH_punantu_iti_jale_nimajjet_AcAntaH_vEzNavEH_mantrEH_vizNum_hiraNyaSRFgam_iti_varuNam_ca_praNamya_aGamarzaNa_sUktena_aGamarzaNam_kRtvA_idam_ApaH_SivA_iti_snAyAt_ASramiNaH_catvAraH_snAnam_nityam_evam_pUrva_uktena_viDinA_kAmyam_nEmittikam_ca_kurvanti_DOta_vastreNa_AcCAdya_pUrvavat_Acamya_prokzya_AsInaH_tizWan_vA_kRta_prANAyAmaH_sAvitrIm_japtvA_Adityam_upatizWeta_dakziNa_pANinA_tIrTena_brAhmeNa_BUpati_AdIn_dEvena_nArAyaNa_AdIn_kUpI_AdIn=_ca_ArzeNa_viSvAmitra_AdIn_pEtRkeNa_pitR_AdIn_adBiH_tarpayitvA_brahmayajQam_karizyan=_iti_tvA_Urje_tvA_iti_yaTAkAmam_yajuH_saMhitAm_AdyAn=_trIn_anuvAkAn_svADyAyam_kurvIta_nEmittikam_Rtam_ca_satyam_ca_iti_Adi_sUktAni_catuH_veda_Adi_mantrAn_vA_api_aDIyIta_sarva_yajQAnAm_AdiH_brahmayajQaH_tasmAt_upanayana_praBRti_eva_dvijEH_kartavyaH_nadyAm_tIrTe_devaKAte_sarasi_tawAke_vA_sAmAnye_snAnam_kuryAt_
149568,mAtRzazWAstu_te_tena_guruNA_saMgatAstadA,mAtR_zazWAH_tu_te_tena_guruNA_saMgatAH_tadA
345919,madyAtipAnAd_abDAtO_kzINe_tejasi_codDate,madya_atipAnAt_ap_DAtO_kzINe_tejasi_ca_udDate
17314,eti_saMjQAyAm_agAt,e_ti_saMjQAyAm_a_gAt
18813,Ot,O_t
16818,kartari_BuvaH_KizNucKukaQO,kartari_BuvaH_KizNuc_KukaQO
290546,akRtavraNo_'Ta_sAvarNiH_zawSizyAstasya_cABavan,akRtavraNaH_aTa_sAvarNiH_zaw_SizyAH_tasya_ca_aBavan
508276,AdO_kRtvA_samidDomaM_caruNA_ca_pRTakpRTak,AdO_kRtvA_samiD_homam_caruNA_ca_pRTak_pRTak_
16592,raBer_aSabliwoH,raBer_a_Sap_liwoH
16019,SrAdDam_anena_Buktam_iniWanO,SrAdDam_anena_Buktam_ini_WanO
441827,oM_jvala_jvala_prajvala_prajvala_WaWa_namaH,om_jvala_jvala_prajvala_prajvala_Wa_Wa_namaH
240322,tiryagGawe_rasaM_kziptvA_tanmuKe_hyaparo_GawaH,tiryak_Gawe_rasam_kziptvA_tad_muKe_hi_aparaH_GawaH
16748,tRjakAByAM_kartari,tRc_akAByAm_kartari
441808,oM_BagavannaparimitamayUKamAlin_sakalajagatpate_saptASvavAhana_caturBuja_paramasidDiprada_visPuliFgapiFgala_tata_ehyehi_idamarGyaM_mama_Sirasi_gataM_gRhNa_gRhNa_tejograrUpam_anagna_jvala_jvala_WaWa_namaH,om_Bagavan=_aparimita_mayUKamAlin_sakala_jagat_pate_sapta_aSva_vAhana_catur_Buja_parama_sidDi_prada_visPuliFga_piFgala_tatas_ehi_ehi_idam_arGyam_mama_Sirasi_gatam_gRhNa_gRhNa_teja_ugra_rUpam_anagna_jvala_jvala_Wa_Wa_namaH
16913,dAmnISasayuyujastutudasisicamihapatadaSanahaH_karaNe,dAp_nI_Sasa_yu_yuja_stu_tuda_si_sica_miha_pata_daSa_nahaH_karaNe
17974,viBAzA_GrADewSACAsaH,viBAzA_GrA_Dew_SA_CA_saH
16609,goto_Nit,goto_N_it
43283,aSvaraTenendraH_Ajim_aDAvat_tasmAt_sa_uccErGozaH_upabdimAn_kzatrasya_rUpam_Endro_hi_sa,aSva_raTena_indraH_Ajim_aDAvat_tasmAt_sa_uccEs_GozaH_upabdimAn_kzatrasya_rUpam_Endro_hi_sa
124070,tasmin_yaH_saMSrito_dehe_hyabbindur_iva_puzkare,tasmin_yaH_saMSritaH_dehe_hi_ap_binduH_iva_puzkare
568478,grIvAgniRkze_'DaramambujeSe_sampUjayennArada_rohiNIzu,grIvA_agni_Rkze_aDaram_ambuja_ISe_sampUjayet_nArada_rohiNIzu
503205,namaH_svAhA_vazaxXuM_ca_vOzawPawkArakEH_saha,namaH_svAhA_vazaw_hum_ca_vOzaw_PawkArakEH_saha
17474,kticktO_ca_saQjQAyAm,ktic_ktO_ca_saQjQAyAm
321894,devarzipitRRNAnAm_anapakriyA,deva_Rzi_pitR_RNAnAm_anapakriyA
348503,anyadA_sabanDanaM_zaNxaM_viDAya_vaNijArakavezaDArI_madanAyA_veSyAyAH_kuwwinIM_jagAda_asmadIyA_balIvardAH_savastukA_prAtarezyanti,anyadA_sa_banDanam_zaNxam_viDAya_vaNij_Araka_veza_DArI_madanAyAH_veSyAyAH_kuwwinIm_jagAda_asmadIyAH_balIvardAH_sa_vastukA_prAtar_ezyanti
74625,brAhmaNam_anRtenABiSaMsya_patanIyenopapatanIyena_vA_mAsam_abBakzaH_SudDavatIr_Avartayet,brAhmaNam_anRtena_aBiSaMsya_patanIyena_upapatanIyena_vA_mAsam_ap_BakzaH_SudDavatIr_Avartayet
537142,kElAsasAnusaMrUXa_kanakaprasaveSayA,kElAsa_sAnu_saMrUXa_kanaka_prasave_SayA
292897,aSvatTabadarIJiNwImAkzikaM_karkawAsTi_ca,aSvatTa_badarI_JiNwI_mAkzikam_karkawa_asTi_ca
605171,oM_namo_Bagavati_cAmuNxe_SmaSAnavAsini_kapAlahaste_mahApretasamArUXe_mahAvimAnamAlAkule_kAlarAtri_bahugaNaparivRte_mahAmuKe_bahuBuje_suGaNwAxamarukiFkiNIke_awwAwwahAse_kilikili_huM_sarvanAdaSabdabahule_gajacarmaprAvRtaSarIre_ruDiramAMsadigDe_mahArAkzasi_rOdradaMzwrAkarAle_BImAwwAwwahAse_sPuritavidyutsamapraBe_cala_cala_karAlanetre_hilihili_lalajjihve_hrEM_hrIM_BRkuwimuKi_oM_kAraBadrAsane_kapAlamAlAvezwite_jawAmukuwaSaSAFkaDAriNi_awwAwwahAse_kilikili_huMhuM_daMzwrAGorAnDakAriNi_sarvaviGnavinASini_idaM_karma_sADaya_sADaya_SIGraM_kuru_kuru_aFkuSe_samanupraveSaya_vargaM_vargaM_kampaya_kampaya_cala_cala_cAlaya_cAlaya_ruDiramAMsamadyapriye_hana_hana_kuwwa_kuwwa_Cinda_Cinda_mAraya_mAraya_anubUma_anubUma_vajraSarIraM_sADaya_sADaya_trElokyagatamapi_duzwamaduzwaM_vA_gRhItamagRhItam_AveSaya_AveSaya_krAmaya_krAmaya_nRtya_nRtya_banDa_banDa_valga_valga_kowarAkzi_UrDvakeSi_ulUkavadane_karakiFkiNi_karaFkamAlADAriNi_daha_daha_paca_paca_gRhNa_gRhNa_maNxalamaDye_praveSaya_praveSaya_kiM_vilambasi_brahmasatyena_vizNusatyena_Rzisatyena_rudrasatyena_AveSaya_AveSaya_kilikili_Kili_Kili_mili_mili_cili_cili_vikRtarUpaDAriNi_kRzNaBujaFga_vezwitaSarIra_sarvagrahAveSini_BrUmagnanAsike_vikawamuKi_kapilajawe_brAhmi_BaQja_BaQja_jvala_jvala_kAlamuKi_Kala_Kala_KaraKaraH_pAtaya_pAtaya_raktAkzi_DUrNApaya_DUrNApaya_BUmiM_pAtaya_pAtaya_Siro_gRhNa_gRhNa_cakzur_mIlaya_mIlaya_BaQja_BaQja_pAdO_gRhNa_gRhNa_mudrAM_sPowaya_sPowaya_huM_hUM_Paw_vidAraya_vidAraya_triSUlena_Bedaya_Bedaya_vajreNa,om_namaH_Bagavati_cAmuNxe_SmaSAna_vAsini_kapAla_haste_mahApreta_samArUXe_mahA_vimAna_mAlA_Akule_kAlarAtri_bahu_gaNa_parivRte_mahA_muKe_bahuBuje_su_GaNwA_xamaru_kiFkiNIke_awwa_awwahAse_kili_kili_hum_sarva_nAda_Sabda_bahule_gaja_carma_prAvRta_SarIre_ruDira_mAMsa_digDe_mahA_rAkzasi_rOdra_daMzwrA_karAle_BIma_awwAwwahAse_sPurita_vidyut_sama_praBe_cala_cala_karAla_netre_hili_hili_lalat_jihve_hrEm_hrIm_BRkuwi_muKi_om_kAra_BadrAsane_kapAla_mAlA_vezwite_jawA_mukuwa_SaSAFka_DAriNi_awwa_awwahAse_kili_kili_huM_hum_daMzwrA_Gora_anDakAriNi_sarva_viGna_vinASini_idam_karma_sADaya_sADaya_SIGram_kuru_kuru_aFkuSe_samanupraveSaya_vargam_vargam_kampaya_kampaya_cala_cala_cAlaya_cAlaya_ruDira_mAMsa_madya_priye_hana_hana_kuwwa_kuwwa_Cinda_Cinda_mAraya_mAraya_anubUma_anubUma_vajra_SarIram_sADaya_sADaya_trElokya_gatam_api_duzwam_aduzwam_vA_gRhItam_agRhItam_AveSaya_AveSaya_krAmaya_krAmaya_nRtya_nRtya_banDa_banDa_valga_valga_kowarAkzi_UrDvakeSi_ulUka_vadane_kara_kiFkiNi_karaFka_mAlA_DAriNi_daha_daha_paca_paca_gRhNa_gRhNa_maNxala_maDye_praveSaya_praveSaya_kim_vilambasi_brahma_satyena_vizNu_satyena_Rzi_satyena_rudra_satyena_AveSaya_AveSaya_kili_kili_Kili_Kili_mili_mili_cili_cili_vikRta_rUpa_DAriNi_kRzNa_BujaFga_vezwita_SarIra_sarva_graha_AveSini_BrU_magna_nAsike_vikawa_muKi_kapila_jawe_brAhmi_BaQja_BaQja_jvala_jvala_kAla_muKi_Kala_Kala_Kara_KaraH_pAtaya_pAtaya_rakta_akzi_DUrNApaya_DUrNApaya_BUmim_pAtaya_pAtaya_SiraH_gRhNa_gRhNa_cakzuH_mIlaya_mIlaya_BaQja_BaQja_pAdO_gRhNa_gRhNa_mudrAm_sPowaya_sPowaya_hum_hUm_Paw_vidAraya_vidAraya_triSUlena_Bedaya_Bedaya_vajreNa
15965,tena_vittaS_cuQcupcaNapO,tena_vittaS_cuQcup_caNapO
17979,luwaH_praTamasya_xArOrasaH,luwaH_praTamasya_xA_rO_rasaH
94724,uQaH_iti_vartate,u_QaH_iti_vartate
497714,KarozwrayAnahastyaSvanOvRkzeriNarohaNe,Kara_uzwra_yAna_hasti_aSva_nO_vRkza_iriNa_rohaNe
17809,AFmAFoH_ca,AF_mAFoH_ca
18689,kaNemanasI_SradDApratIGAte,kaNe_manasI_SradDA_pratIGAte
15781,hEheprayoge_hEhayoH,hE_he_prayoge_hE_hayoH
539504,iti_pUrvoktaprakAreNa_rasarAjo_dIpitaH_san_kzudutpIxitaH_san_viSudDo_Bavati,iti_pUrva_ukta_prakAreNa_rasarAjaH_dIpitaH_san_kzuD_utpIxitaH_san_viSudDaH_Bavati
273766,tatra_tejoDAtuH_sarvavarNAnAM_praBavaH_sa_yadA_garBotpattAvabDAtuprAyo_Bavati_tadA_garBaM_gOraM_karoti_pRTivIDAtuprAyaH_kRzNaM_pRTivyAkASaDAtuprAyaH_kRzNaSyAmaM_toyAkASaDAtuprAyo_gOraSyAmam,tatra_tejaH_DAtuH_sarva_varNAnAm_praBavaH_sa_yadA_garBotpattO=_ap_DAtu_prAyaH_Bavati_tadA_garBam_gOram_karoti_pRTivI_DAtu_prAyaH_kRzNam_pRTivI_AkASa_DAtu_prAyaH_kRzNa_SyAmam_toya_AkASa_DAtu_prAyaH_gOra_SyAmam
283756,tEr_asyApy_atiRjumater_mahIpatiputrasya_budDir_vedavAdaviroDamArgAnusAriNy_akriyata,tEH_asya_api_ati_Rju_mateH_mahIpati_putrasya_budDiH_veda_vAda_viroDa_mArga_anusAriNI_akriyata
480649,sa_eva_jAtaH_sa_janizyamANaH_pratyaFjanAs_tizWati_sarvatomuKaH,saH_eva_jAtaH_sa_janizyamANaH_pratyaF_janAH_tizWati_sarvatomuKaH
238004,zoxaSADArazawcakralakzyatrayaKapaQcakAt,zoxaSa_ADAra_zaz_cakra_lakzya_traya_Ka_paQcakAt_
252429,ekam_apyASayed_vipraM_pitRarTe_pAQcayajQike,ekam_api_ASayet_vipram_pitR_arTe_pAQcayajQike
18466,viBAzA_DewSvyoH,viBAzA_Dew_SvyoH
18243,temayO_ekavacanasya,te_mayO_ekavacanasya
496776,abBakzo_mAsam_AsIta_sa_jApI_niyatendriyaH,ap_BakzaH_mAsam_AsIta_sa_jApI_niyata_indriyaH
441910,vRkzagulmalatAvIrucCedane_japyamRkSatam,vRkza_gulma_latA_vIruD_Cedane_japyam_Rc_Satam
16685,ciNNamulor_dIrGo_'nyatarasyAm,ciN_NamuloH_dIrGo_'nyatarasyAm
504093,oM_SivAya_sadASivAya_pASupatAstrAya_apratihatAya_PawPaw,om_SivAya_sadASivAya_pASupatAstrAya_apratihatAya_Paw_Paw_
501303,gAyatryA_ca_praDAnasya_samidDomastaTEva_ca,gAyatryA_ca_praDAnasya_samiD_homaH_taTA_eva_ca
307546,KAnilAgnyabBuvAm_ekaguNavRdDyanvayaH_pare,Ka_anila_agni_ap_BuvAm_eka_guNa_vRdDi_anvayaH_pare
18566,kyaFmAninoH_ca,kyaF_mAninoH_ca
556223,tatrAnyatra_Sarastambe_badarIJAwavezwite,tatra_anyatra_Sara_stambe_badarI_JAwa_vezwite
17292,pariniviByaH_sevasitasayasivusahasuwstusvaQjAm,pari_ni_viByaH_seva_sita_saya_sivu_saha_suw_stu_svaQjAm
99612,BAvitAtmA_gatarajAH_SAnto_mRduRjur_dvijaH,BAvita_AtmA_gata_rajAH_SAntaH_mRdu_RjuH_dvijaH
40002,udgAtRByo_haranti_sAmadEvatyaH_vE_sOmyo_yad_eva_sAmnaS_Sambawkurvanti_tasyEva_sa_SAntiH,udgAtRByo_haranti_sAma_dEvatyaH_vE_sOmyo_yad_eva_sAmnaS_Sam_baw_kurvanti_tasya_eva_sa_SAntiH
543606,BRgvAdiRzayaH_sarve_ye_cAnye_sanakAdayaH,BRgu_Adi_RzayaH_sarve_ye_ca_anye_sanaka_AdayaH
265570,UrDvagAH_SabdasparSarUparasaganDapraSvAsocCvAsajRmBitakzudDasitakaTitaruditAdIn_viSezAn_aBivahantyaH_SarIraM_DArayanti_tAstu_hRdayam_aBiprapannAstriDA_jAyante_tAstriMSat,UrDva_gAH_Sabda_sparSa_rUpa_rasa_ganDa_praSvAsa_ucCvAsa_jRmBita_kzuD_hasita_kaTita_rudita_AdIn_viSezAn_aBivahantyaH_SarIram_DArayanti_tAH_tu_hRdayam_aBiprapannAH_triDA_jAyante_tAH_triMSat_
322918,AdO_jalaDijImUtaBerIJarJarasamBavAH,AdO_jalaDi_jImUta_BerI_JarJara_samBavAH
25562,saminniyamaH_ukto_vAyupurANe,samiD_niyamaH_ukto_vAyupurANe
74624,BrUNahatyAyAM_dvAdaSarAtram_abBakzaH_dvAdaSarAtram_upavaset,BrUNahatyAyAM_dvAdaSa_rAtram_ap_BakzaH_dvAdaSa_rAtram_upavaset
295180,paQcAFgAM_SarapuFKAM_ca_hastinIraM_nRCAgayoH,paQcAFgAm_SarapuFKAm_ca_hasti_nIram_nR_CAgayoH
464486,tatra_pEtRkasya_havizo_'DastAt_samantrakaM_samidDAraNaM_viDAya_tadvAkyaSezeNa_samiDo_havirupariDAraNaM_dEve_karmaNi_yat_SrutaM_tat_kimarTavAdaH_uta_viDirayam_iti_saMSayaH,tatra_pEtRkasya_havizaH_aDastAt_sa_mantrakam_samiD_DAraNam_viDAya_tad_vAkya_SezeNa_samiDaH_haviH_upari_DAraNam_dEve_karmaNi_yat_Srutam_tat_kim_arTa_vAdaH_uta_viDiH_ayam_iti_saMSayaH
272454,sarvaSalyAnAM_tu_mahatAmaNUnAM_vA_paQcaviDo_gativiSeza_UrDvamaDo_'rvAcInastiryagRjur_iti,sarva_SalyAnAm_tu_mahatAm_aNUnAm_vA_paQcaviDaH_gati_viSezaH_UrDvam_aDas_arvAcInaH_tiryak_RjuH_iti
186422,aTa_paNavamRdaFgadunduBInAM_kRkaramahAnakaBeriJarJarANAm,aTa_paNava_mRdaFga_dunduBInAm_kRkara_mahAnaka_Beri_JarJarANAm
16672,bahulaM_Candasy_amAFyoge_'pi,bahulaM_Candasy_a_mAF_yoge_'pi
397409,SRFgANi_SanakErGorA_yugAntAvartino_grahAH,SRFgANi_SanakEs_GorAH_yuga_anta_AvartinaH_grahAH
304202,maDye_vA_vartmano_'nte_vA_kaNxUzArugvatI_sTirA,maDye_vA_vartmanaH_ante_vA_kaNxU_UzA_rugvatI_sTirA
45435,tadBuktvA_nABavattasya_kzunnivRttir_yadArTinaH,tat_BuktvA_na_aBavat_tasya_kzuD_nivRttiH_yadA_arTinaH
124943,mRgANAm_upayogaS_ca_vIrudozaDisaMkzayaH,mRgANAm_upayogaH_ca_vIruD_ozaDi_saMkzayaH
527228,devo_yaH_saMSritastasminn_abbindur_iva_puzkare,devaH_yaH_saMSritaH_tasmin=_ap_binduH_iva_puzkare
477763,yadA_rAjQA_mAgaDena_ajAtaSatruNA_vEdehIputreNa_nOkramo_mAtApitrormApitastadA_vESAlakErlicCaviBirBagavato_'rTe_nOkramo_mApitaH,yadA_rAjQA_mAgaDena_ajAtaSatruNA_vEdehI_putreNa_nO_kramaH_mAtA_pitroH_mApitaH_tadA_vESAlakEH_licCaviBiH_BagavataH_arTe_nO_kramaH_mApitaH
537971,kEH_kRtvA_kzArOzaDipawvamlEH_kzArOzaDayo_'himArAdayaH_pawu_sEnDavam_amlam_amlavetasAdi_etEH_kzudutpattir_Baved_ityarTaH,kEH_kRtvA_kzAra_ozaDi_pawu_amlEH_kzAra_ozaDayaH_ahimAra_AdayaH_pawu_sEnDavam_amlam_amlavetasa_Adi_etEH_kzuD_utpattiH_Bavet_iti_arTaH
270089,tAsAM_catvAri_SatAni_SAKAsu_kozWe_zawzazwiH_grIvAM_pratyUrDvaM_catustriMSat,tAsAm_catvAri_SatAni_SAKAsu_kozWe_zaz_zazwiH_grIvAm_pratyUrDvam_catustriMSat_
425463,abinDanAH_syuranyezAM_kAzWAdInInDanAni_hi,ap_inDanAH_syuH_anyezAm_kAzWa_AdIni_inDanAni_hi
501880,abbinduM_yaH_kuSAgreNa_mAsi_mAsi_samaSnute,ap_bindum_yaH_kuSa_agreNa_mAsi_mAsi_samaSnute
443725,svastivAcya_BikzAdAnam_appUrvam,svasti_vAcya_BikzA_dAnam_ap_pUrvam
17229,etaH_E,e_taH_E
437824,gAyattrI_sabRhatyuzNigjagatItrizwubeva_ca,gAyattrI_sa_bRhatI_uzNih_jagatI_trizwuB_eva_ca
68512,rAjasaM_bahuBAzitvaM_mAnakruddamBamatsaram,rAjasaM_bahu_BAzi_tvam_mAna_kruD_damBa_matsaram
507,saMvatsaresaMvatsare_'gnaye_vESvAnarAya_dvAdaSakapAlaM_nirvapet,saMvatsare_saMvatsare_'gnaye_vESvAnarAya_dvAdaSa_kapAlam_nirvapet
350173,Atmakukzerapi_kRte_taNxulEriyadBiriyAnodanaH_sampadyate,Atma_kukzeH_api_kRte_taNxulEH_iyadBiH_iyAn_odanaH_sampadyate
37460,tasya_praTamAyAH_pUrvam_arDarcaM_SastvottareNArDarcenottarasyAH_pUrvam_arDarcaM_vyatizajati_pAdEH_pAdAn_anuzwupkAram,tasya_praTamAyAH_pUrvam_arDarcaM_SastvA_uttareNa_arDarcena_uttarasyAH_pUrvam_arDarcaM_vyatizajati_pAdEH_pAdAn_anuzwuB_kAram
91540,maDor_agne_vazawkRti,maDor_agne_vazaw_kRti
24541,nirudDAsu_tu_mRtpiNxAn_kUpAt_trIn_abGawAn_taTeti,nirudDAsu_tu_mRd_piNxAn_kUpAt_trIn_ap_GawAn_taTA_iti
424797,tatazwaFkaNakErliptvA_paScAnmRllavaNEH_kramAt,tatas_waFkaNakEH_liptvA_paScAt_mRllavaNEH_kramAt_
175948,vIrudozaDayaScEva_bIjAni_viviDAni_ca,vIruD_ozaDayaH_ca_eva_bIjAni_viviDAni_ca
564984,manuzyAnozaDIBiSca_svaDayA_ca_pitLnapi,manuzyAn_ozaDIBiH_ca_svaDayA_ca_pitLn_api
245006,vipraM_puraH_samAyAntaM_TUtkRtya_tvaritaH_punaH,vipram_puras_samAyAntam_TUtkRtya_tvaritaH_punar_
168508,vimuktO_jvalanasparSAnmakarAsyAjJazAviva,vimuktO_jvalana_sparSAt_makara_AsyAt_JazO=_iva
274236,tatropaSamayettejastvabDAtuM_ca_vivarDayet,tatra_upaSamayet_tejaH_tu_ap_DAtum_ca_vivarDayet_
595656,yavAgvodanalAjArTe_jvaritAnAM_jvarApahAH,yavAgU_odana_lAja_arTe_jvaritAnAm_jvara_apahAH
93041,sAkaMyujA_Sakunasyeva_pakzA_paSveva_citrA_yajur_A_gamizwam,sAkaMyujA_Sakunasya_iva_pakzA_paSU_eva_citrA_yajur_A_gamizwam
552863,uccacAra_bahirGozo_BujAsPAlanasaMBavaH,uccacAra_bahis_GozaH_Buja_AsPAlana_saMBavaH
16474,kulijAl_lukKO_ca,kulijAl_luk_KO_ca
605931,tasya_tRtIyayA_svaramAtrayA_divam_AdityaM_sAmavedaM_svar_iti_vyAhRtir_jAgataM_CandaH_saptadaSaM_stomam_diSaM_varzARtuM_jyotir_aDyAtmaM_cakzuzI_darSanam_itIndriyANy_anvaBavat,tasya_tRtIyayA_svaramAtrayA_divam_Adityam_sAmavedam_svar_iti_vyAhRtiH_jAgatam_CandaH_saptadaSam_stomam_diSam_varzA_Rtum_jyotiH_aDyAtmam_cakzuzI_darSanam_iti_indriyANi_anvaBavat_
59905,kzujjarAByAM_samAkrAntA_brahmANam_upatasTire,kzuD_jarAByAm_samAkrAntA_brahmANam_upatasTire
459937,apcintAyAM_yadA_pRTivItattvAkzarANi_Bavanti_tadA_pRTvItattvaM_Bavati,ap_cintAyAm_yadA_pRTivI_tattva_akzarANi_Bavanti_tadA_pRTvI_tattvam_Bavati
456362,aTavA_paQca_zawsapta_vijayante_'nuvartinaH,aTavA_paQca_zaw_sapta_vijayante_anuvartinaH
341442,sasPowam_asparSasahaM_kaNxUzAtodadAhavat,sa_sPowam_asparSa_saham_kaNxU_UzA_toda_dAhavat
36759,aTAgnIDram_Ikzate_agnIditi,aTa_AgnIDram_Ikzate_agnID_iti
380769,vyadArayad_vAnarasAgarOGaM_mahAJazaH_pUrNam_ivArNavOGam,vyadArayat_vAnara_sAgara_oGam_mahA_JazaH_pUrNam_iva_arNava_oGam
448302,sTUlo_dAmodaro_nIlo_maDyevakraH_sunIlakaH,sTUlaH_dAmodaraH_nIlaH_maDye_vakraH_su_nIlakaH
16036,deSe_lubilacO_ca,deSe_lup_ilacO_ca
116761,adyAhave_yasya_na_tulyam_anyaM_maDyemanuzyaM_Danur_AdadAnam,adya_Ahave_yasya_na_tulyam_anyam_maDye_manuzyam_DanuH_AdadAnam
496238,AcAryapitRupADyAyAn_nirhRtyApi_vratI_vratI,AcArya_pitR_upADyAyAn_nirhRtya_api_vratI_vratI
480647,pratyaFjanAs_tizWati_saMcukocAntakAle_saMsRjya_viSvA_BuvanAni_goptA,pratyaF_janAH_tizWati_saMcukoca_antakAle_saMsRjya_viSvA_BuvanAni_goptA
343076,SatakRtvo_'SvaviwcUrNaM_vixaFgakvATaBAvitam,Sata_kRtvas_aSva_viz_cUrNam_vixaFga_kvATa_BAvitam
16429,ajAviByAM_Tyan,aja_aviByAm_Tyan
16649,janasanaKanAM_sanJaloH,jana_sana_KanAm_san_Ja_loH
606737,hiFkAraM_prati_saMKyApayanti_hiFkRtAdDi_reto_'DIyata,hiFkAram_prati_saMKyApayanti_hiF_kRtAt_hi_retaH_aDIyata
67810,tvaM_vaSI_satyAkUtaH_satyaDarmA_gavezaNaH,tvaM_vaSI_satya_AkUtaH_satya_DarmA_gav_ezaNaH
606525,anuzwupsampannam_hEke,anuzwuB_sampannam_ha_eke
125286,mahAJazasyeva_muKaM_prapannAH_praBadrakAH_karNam_aBidravanti,mahA_Jazasya_iva_muKam_prapannAH_praBadrakAH_karNam_aBidravanti
14697,yad_dvOdvO_paSU_samasyeyuH,yad_dvO_dvO_paSU_samasyeyuH
611559,taTA_Bavati_tejaH_vyApyam_abAdidvayam,taTA_Bavati_tejaH_vyApyam_ap_Adi_dvayam
17238,sijaByastavidiByaH_ca,sic_aByasta_vidiByaH_ca
567988,gAyatrI_cEva_trizwupca_jagatyanuzwuptaTEva_ca,gAyatrI_ca_eva_trizwuB_ca_jagatI_anuzwuB_taTA_eva_ca
507165,samidDutvA_viDAnena_AjyAhutimaTAcaret,samiD_hutvA_viDAnena_Ajya_Ahutim_aTa_Acaret
15799,FyApprAtipadikAt,FI_Ap_prAtipadikAt
37763,indrAt_pari_tanvaM_mama_iti_tad_yad_evEtat_bRhatIsahasram_anuzwupsampannaM_Bavati_tasmAt_tad_EndrAt_prANAd_bRhatyE_vAcam_anuzwuBaM_tanvaM_saMnirmimIte,indrAt_pari_tanvaM_mama_iti_tad_yad_eva_etat_bRhatI_sahasram_anuzwuB_sampannam_Bavati_tasmAt_tad_EndrAt_prANAd_bRhatyE_vAcam_anuzwuBaM_tanvaM_saMnirmimIte
565035,pUrvavadguruRtvigBya_imAnmantrAnudIrayet,pUrvavat_guru_RtvigByaH_imAn_mantrAn_udIrayet_
160541,kzudDarmasaMjQAM_praNudatyAdatte_DEryam_eva_ca,kzuD_Darma_saMjQAm_praNudati_Adatte_DEryam_eva_ca
588846,aBiyoktRaBiyuktAnAM_vacanaM_prAF_niveSayet,aBiyoktR_aBiyuktAnAm_vacanam_prAk_niveSayet_
418201,ArADayizyaty_asurarzaBehi_taM_manasvino_yaM_gRNate_BavAdRSAH,ArADayizyati_asura_RzaBe_hi_tam_manasvinaH_yam_gRNate_BavAdRSAH
481038,Karpare_vAlukApUrNe_tiryagOzaDakUpakam,Karpare_vAlukA_pUrNe_tiryak_OzaDa_kUpakam
345729,viSudDe_codgAre_kzudupagamane_vAte_'nusarati,viSudDe_ca_udgAre_kzuD_upagamane_vAte_anusarati
239141,zaxdevatAstu_tA_eva_ye_muKyAH_sUryaraSmayaH,zax_devatAH_tu_tAH_eva_ye_muKyAH_sUrya_raSmayaH
301108,bRMhaNaM_DanvamAMsotTarasAsRkKapurEr_api,bRMhaNam_Danva_mAMsa_utTa_rasa_asRk_KapurEH_api
446776,pakvaSayodBavo_'pyevaM_vAyustIvrarujASrayAt,pakva_Saya_udBavaH_api_evam_vAyuH_tIvra_ruj_ASrayAt
295670,tAni_cEva_tu_mAnAni_azwO_zaxvA_caturTakam,tAni_ca_eva_tu_mAnAni_azwO_zax_vA_caturTakam
568839,hemAlaMkAriNaH_kAryAH_paQcaviMSatiRtvijaH,hema_alaMkAriNaH_kAryAH_paQcaviMSati_RtvijaH
16045,ataH_iniWanO,a_taH_ini_WanO
16966,dvivacanaviBajyopapade_tarabIyasunO,dvivacana_viBajya_upapade_tarap_IyasunO
59,PalasomakzOmavIruddaDi_kzIraM_GRtaM_jalam,Pala_soma_kzOma_vIruD_daDi_kzIraM_GRtaM_jalam
